<?xml version="1.0" encoding="UTF-8"?>

<!--Copyright (c) 2012 by Subset Games. All rights reserved.-->
<img x="-41" y="-97" w="405" h="548" />
<offsets>
	<floor x="202" y="274" />
	<cloak x="0" y="-7" />
</offsets>
<weaponMounts>
	<mount x="217" y="104" rotate="false" mirror="false" gib="-1" slide="up" />
	<mount x="21" y="138" rotate="false" mirror="true" gib="-1" slide="up" />
	<mount x="358" y="116" rotate="false" mirror="false" gib="-1" slide="up" />
	<mount x="160" y="84" rotate="false" mirror="true" gib="-1" slide="up" />
	<mount x="64" y="148" rotate="false" mirror="false" gib="-1" slide="no" />
	<mount x="314" y="101" rotate="false" mirror="false" gib="-1" slide="no" />
</weaponMounts>
<explosion />

