<?xml version="1.0" encoding="UTF-8"?>

<!--Copyright (c) 2012 by Subset Games. All rights reserved.-->
<img x="-61" y="-97" w="405" h="548" />
<offsets>
	<floor x="202" y="274" />
	<cloak x="0" y="-7" />
</offsets>
<weaponMounts>
	<mount x="212" y="104" rotate="false" mirror="false" gib="3" slide="up" />
	<mount x="21" y="138" rotate="false" mirror="true" gib="2" slide="up" />
	<mount x="358" y="116" rotate="false" mirror="false" gib="4" slide="up" />
	<mount x="160" y="84" rotate="false" mirror="true" gib="3" slide="up" />
	<mount x="64" y="148" rotate="false" mirror="false" gib="2" slide="no" />
	<mount x="314" y="101" rotate="false" mirror="false" gib="4" slide="no" />
</weaponMounts>
<explosion>
	<gib1>
		<velocity min="0.04" max="0.28" />
		<direction min="57" max="296" />
		<angular min="-0.90" max="0.90" />
		<x>137</x>
		<y>193</y>
	</gib1>
	<gib2>
		<velocity min="0.08" max="0.34" />
		<direction min="-16" max="135" />
		<angular min="-1.14" max="1.14" />
		<x>7</x>
		<y>112</y>
	</gib2>
	<gib3>
		<velocity min="0.02" max="0.26" />
		<direction min="6" max="0" />
		<angular min="-0.42" max="0.42" />
		<x>38</x>
		<y>4</y>
	</gib3>
	<gib4>
		<velocity min="0.06" max="0.37" />
		<direction min="-189" max="11" />
		<angular min="-0.88" max="0.88" />
		<x>220</x>
		<y>0</y>
	</gib4>
</explosion>

