<?xml version="1.0" encoding="UTF-8"?>

<!--Copyright (c) 2012 by Subset Games. All rights reserved.-->
<img x="-40" y="-56" w="521" h="362" />
<offsets>
	<floor x="34" y="50" />
	<cloak x="-8" y="-8" />
</offsets>
<weaponMounts>
	<mount x="457" y="123" rotate="true" mirror="true" gib="-1" slide="up" />
	<mount x="457" y="238" rotate="true" mirror="false" gib="-1" slide="down" />
	<mount x="496" y="36" rotate="true" mirror="true" gib="-1" slide="right" />
	<mount x="498" y="325" rotate="true" mirror="false" gib="-1" slide="right" />
	<mount x="529" y="163" rotate="true" mirror="false" gib="-1" slide="no" />
</weaponMounts>
<explosion />

