<?xml version="1.0" encoding="UTF-8"?>

<!--Copyright (c) 2012 by Subset Games. All rights reserved.-->
<img x="-156" y="-11" w="853" h="408" />
<offsets>
	<floor x="150" y="5" />
	<cloak x="-7" y="-8" />
</offsets>
<weaponMounts>
	<mount x="596" y="131" rotate="true" mirror="false" gib="-1" slide="right" />
	<mount x="647" y="212" rotate="true" mirror="true" gib="-1" slide="up" />
	<mount x="711" y="343" rotate="true" mirror="false" gib="-1" slide="right" />
	<mount x="563" y="15" rotate="true" mirror="true" gib="-1" slide="up" />
	<mount x="204" y="18" rotate="true" mirror="true" gib="-1" slide="up" />
</weaponMounts>
<explosion />

